[{"model": "quiz.exam", "pk": 1, "fields": {"create_timestamp": "2022-07-09T09:46:37.534Z", "update_timestamp": "2022-07-09T10:24:56.134Z", "uuid": "1ded2f23-00da-47b6-847c-9ea2856edf6f", "title": "Тест по математике для студентов 1-го курса", "description": "Небольшой тест по математике", "level": 0}}, {"model": "quiz.exam", "pk": 2, "fields": {"create_timestamp": "2022-07-09T14:24:11.236Z", "update_timestamp": "2022-07-09T14:24:11.236Z", "uuid": "88c24749-02cd-44f4-af65-67785ec5e562", "title": "Тест по музыке", "description": "Небольшой базовый тест", "level": 0}}, {"model": "quiz.exam", "pk": 3, "fields": {"create_timestamp": "2022-07-09T14:33:14.457Z", "update_timestamp": "2022-07-09T14:40:41.375Z", "uuid": "49408d37-ceaf-4947-a35e-e72e69b32356", "title": "Тест на эрудицию", "description": "Тест со средним уровнем сложности", "level": 1}}, {"model": "quiz.exam", "pk": 4, "fields": {"create_timestamp": "2022-07-09T14:48:28.035Z", "update_timestamp": "2022-07-09T14:48:28.035Z", "uuid": "26d178e2-af29-4832-93dd-53c601ab2fca", "title": "Тест по географии", "description": "Базовый тест", "level": 0}}, {"model": "quiz.question", "pk": 1, "fields": {"create_timestamp": "2022-07-09T09:46:37.552Z", "update_timestamp": "2022-07-09T14:17:36.180Z", "exam": 1, "order_num": 1, "text": "Выберите верное утверждение:", "image": ""}}, {"model": "quiz.question", "pk": 2, "fields": {"create_timestamp": "2022-07-09T09:46:37.554Z", "update_timestamp": "2022-07-09T14:16:10.706Z", "exam": 1, "order_num": 2, "text": "Какому великому математику прошлого, принадлежит создание учения о производной и интеграле, которые используют до сих пор:", "image": ""}}, {"model": "quiz.question", "pk": 3, "fields": {"create_timestamp": "2022-07-09T09:46:37.555Z", "update_timestamp": "2022-07-09T14:15:25.931Z", "exam": 1, "order_num": 3, "text": "Какой набор цифр имеет двоичная система исчисления:", "image": ""}}, {"model": "quiz.question", "pk": 4, "fields": {"create_timestamp": "2022-07-09T10:24:56.166Z", "update_timestamp": "2022-07-09T10:28:26.357Z", "exam": 1, "order_num": 4, "text": "Иррациональное число это:", "image": ""}}, {"model": "quiz.question", "pk": 5, "fields": {"create_timestamp": "2022-07-09T10:24:56.168Z", "update_timestamp": "2022-07-09T10:26:46.362Z", "exam": 1, "order_num": 5, "text": "Что такое константа:", "image": ""}}, {"model": "quiz.question", "pk": 6, "fields": {"create_timestamp": "2022-07-09T14:24:11.240Z", "update_timestamp": "2022-07-09T14:27:39.783Z", "exam": 2, "order_num": 1, "text": "Музыку сочиняет?", "image": ""}}, {"model": "quiz.question", "pk": 7, "fields": {"create_timestamp": "2022-07-09T14:24:11.243Z", "update_timestamp": "2022-07-09T14:27:15.808Z", "exam": 2, "order_num": 2, "text": "Значок, с помощью которого записывают музыку:", "image": ""}}, {"model": "quiz.question", "pk": 8, "fields": {"create_timestamp": "2022-07-09T14:24:11.244Z", "update_timestamp": "2022-07-09T14:26:38.721Z", "exam": 2, "order_num": 3, "text": "Песня – это:", "image": ""}}, {"model": "quiz.question", "pk": 9, "fields": {"create_timestamp": "2022-07-09T14:24:11.244Z", "update_timestamp": "2022-07-09T14:26:10.328Z", "exam": 2, "order_num": 4, "text": "Песня в опере называется:", "image": ""}}, {"model": "quiz.question", "pk": 10, "fields": {"create_timestamp": "2022-07-09T14:24:11.245Z", "update_timestamp": "2022-07-09T14:25:35.561Z", "exam": 2, "order_num": 5, "text": "Струнно-смычковый инструмент", "image": ""}}, {"model": "quiz.question", "pk": 11, "fields": {"create_timestamp": "2022-07-09T14:24:11.245Z", "update_timestamp": "2022-07-09T14:25:04.773Z", "exam": 2, "order_num": 6, "text": "Найди имя к  фамилии  Чайковский", "image": ""}}, {"model": "quiz.question", "pk": 12, "fields": {"create_timestamp": "2022-07-09T14:33:14.461Z", "update_timestamp": "2022-07-09T14:38:23.434Z", "exam": 3, "order_num": 1, "text": "Кто из этих персонажей не является вымышленным?", "image": ""}}, {"model": "quiz.question", "pk": 13, "fields": {"create_timestamp": "2022-07-09T14:33:14.462Z", "update_timestamp": "2022-07-09T14:43:23.696Z", "exam": 3, "order_num": 2, "text": "Какая из планет находится ближе всего к солнцу", "image": ""}}, {"model": "quiz.question", "pk": 14, "fields": {"create_timestamp": "2022-07-09T14:33:14.463Z", "update_timestamp": "2022-07-09T14:42:49.385Z", "exam": 3, "order_num": 3, "text": "Сколько будет 25% от 160", "image": ""}}, {"model": "quiz.question", "pk": 15, "fields": {"create_timestamp": "2022-07-09T14:40:41.381Z", "update_timestamp": "2022-07-09T14:42:13.960Z", "exam": 3, "order_num": 4, "text": "Как называется пространство между бровями", "image": ""}}, {"model": "quiz.question", "pk": 16, "fields": {"create_timestamp": "2022-07-09T14:40:41.382Z", "update_timestamp": "2022-07-09T14:41:25.700Z", "exam": 3, "order_num": 5, "text": "Ламинария - это", "image": ""}}, {"model": "quiz.question", "pk": 17, "fields": {"create_timestamp": "2022-07-09T14:48:28.040Z", "update_timestamp": "2022-07-09T14:53:54.544Z", "exam": 4, "order_num": 1, "text": "Название какой страны совпадает с именем ее столицы?", "image": ""}}, {"model": "quiz.question", "pk": 18, "fields": {"create_timestamp": "2022-07-09T14:48:28.041Z", "update_timestamp": "2022-07-09T14:53:14.802Z", "exam": 4, "order_num": 2, "text": "Чему равна географическая широта на экваторе?", "image": ""}}, {"model": "quiz.question", "pk": 19, "fields": {"create_timestamp": "2022-07-09T14:48:28.042Z", "update_timestamp": "2022-07-09T14:52:42.115Z", "exam": 4, "order_num": 3, "text": "Какова должна быть высота возвышенности, чтобы ее можно было назвать горой?", "image": ""}}, {"model": "quiz.question", "pk": 20, "fields": {"create_timestamp": "2022-07-09T14:48:28.043Z", "update_timestamp": "2022-07-09T14:52:03.790Z", "exam": 4, "order_num": 4, "text": "Сколько штатов в составе США?", "image": ""}}, {"model": "quiz.question", "pk": 21, "fields": {"create_timestamp": "2022-07-09T14:48:28.044Z", "update_timestamp": "2022-07-09T14:51:29.519Z", "exam": 4, "order_num": 5, "text": "Какая река считается самой полноводной в мире?", "image": ""}}, {"model": "quiz.question", "pk": 22, "fields": {"create_timestamp": "2022-07-09T14:48:28.045Z", "update_timestamp": "2022-07-09T14:50:53.201Z", "exam": 4, "order_num": 6, "text": "Какой остров является самым большим в мире?", "image": ""}}, {"model": "quiz.choice", "pk": 1, "fields": {"question": 5, "text": "Второе название синусоида", "is_correct": false}}, {"model": "quiz.choice", "pk": 2, "fields": {"question": 5, "text": "Переменная", "is_correct": false}}, {"model": "quiz.choice", "pk": 3, "fields": {"question": 5, "text": "Постоянное число, не изменяющееся в рамках математического процесса", "is_correct": true}}, {"model": "quiz.choice", "pk": 4, "fields": {"question": 5, "text": "Целое число", "is_correct": false}}, {"model": "quiz.choice", "pk": 5, "fields": {"question": 4, "text": "Рациональная дробь, где первое число целое, а второе натуральное", "is_correct": false}}, {"model": "quiz.choice", "pk": 6, "fields": {"question": 4, "text": "Является вещественным и может быть представлено как дробь", "is_correct": false}}, {"model": "quiz.choice", "pk": 7, "fields": {"question": 4, "text": "Нерациональное число, которое не может быть представлено как дробь", "is_correct": true}}, {"model": "quiz.choice", "pk": 8, "fields": {"question": 4, "text": "Такого числа не существует", "is_correct": false}}, {"model": "quiz.choice", "pk": 9, "fields": {"question": 3, "text": "1 и 2", "is_correct": false}}, {"model": "quiz.choice", "pk": 10, "fields": {"question": 3, "text": "0, 1 и 2", "is_correct": false}}, {"model": "quiz.choice", "pk": 11, "fields": {"question": 3, "text": "0 и 1", "is_correct": true}}, {"model": "quiz.choice", "pk": 12, "fields": {"question": 3, "text": "0 и 2", "is_correct": false}}, {"model": "quiz.choice", "pk": 13, "fields": {"question": 2, "text": "Архимед", "is_correct": true}}, {"model": "quiz.choice", "pk": 14, "fields": {"question": 2, "text": "Пифагор", "is_correct": false}}, {"model": "quiz.choice", "pk": 15, "fields": {"question": 2, "text": "Демокрит", "is_correct": false}}, {"model": "quiz.choice", "pk": 16, "fields": {"question": 2, "text": "Гомер", "is_correct": false}}, {"model": "quiz.choice", "pk": 17, "fields": {"question": 1, "text": "Лента Мёбиуса имеет начало, но не имеет конца", "is_correct": false}}, {"model": "quiz.choice", "pk": 18, "fields": {"question": 1, "text": "Лента Мёбиуса имеет и начало, и конец", "is_correct": false}}, {"model": "quiz.choice", "pk": 19, "fields": {"question": 1, "text": "Такой ленты нет", "is_correct": false}}, {"model": "quiz.choice", "pk": 20, "fields": {"question": 1, "text": "Лента Мёбиуса не имеет ни начала, ни конца", "is_correct": true}}, {"model": "quiz.choice", "pk": 21, "fields": {"question": 11, "text": "Эдвард", "is_correct": false}}, {"model": "quiz.choice", "pk": 22, "fields": {"question": 11, "text": "Людвиг", "is_correct": false}}, {"model": "quiz.choice", "pk": 23, "fields": {"question": 11, "text": "Иван", "is_correct": false}}, {"model": "quiz.choice", "pk": 24, "fields": {"question": 11, "text": "Пётр", "is_correct": true}}, {"model": "quiz.choice", "pk": 25, "fields": {"question": 10, "text": "Аккордеон", "is_correct": false}}, {"model": "quiz.choice", "pk": 26, "fields": {"question": 10, "text": "Контрабас", "is_correct": true}}, {"model": "quiz.choice", "pk": 27, "fields": {"question": 10, "text": "Флейта", "is_correct": false}}, {"model": "quiz.choice", "pk": 28, "fields": {"question": 10, "text": "Гитара", "is_correct": false}}, {"model": "quiz.choice", "pk": 29, "fields": {"question": 9, "text": "Романс", "is_correct": false}}, {"model": "quiz.choice", "pk": 30, "fields": {"question": 9, "text": "Кант", "is_correct": false}}, {"model": "quiz.choice", "pk": 31, "fields": {"question": 9, "text": "Ария", "is_correct": true}}, {"model": "quiz.choice", "pk": 32, "fields": {"question": 9, "text": "Рок", "is_correct": false}}, {"model": "quiz.choice", "pk": 33, "fields": {"question": 8, "text": "Литературное произведение", "is_correct": false}}, {"model": "quiz.choice", "pk": 34, "fields": {"question": 8, "text": "Музыкальное произведение со словами или без слов", "is_correct": true}}, {"model": "quiz.choice", "pk": 35, "fields": {"question": 8, "text": "Народное творчество", "is_correct": false}}, {"model": "quiz.choice", "pk": 36, "fields": {"question": 7, "text": "Рондо", "is_correct": false}}, {"model": "quiz.choice", "pk": 37, "fields": {"question": 7, "text": "Нота", "is_correct": true}}, {"model": "quiz.choice", "pk": 38, "fields": {"question": 7, "text": "Романс", "is_correct": false}}, {"model": "quiz.choice", "pk": 39, "fields": {"question": 7, "text": "Апостроф", "is_correct": false}}, {"model": "quiz.choice", "pk": 40, "fields": {"question": 6, "text": "Писатель", "is_correct": false}}, {"model": "quiz.choice", "pk": 41, "fields": {"question": 6, "text": "Композитор", "is_correct": true}}, {"model": "quiz.choice", "pk": 42, "fields": {"question": 6, "text": "Певец", "is_correct": false}}, {"model": "quiz.choice", "pk": 43, "fields": {"question": 12, "text": "Робин Гуд", "is_correct": false}}, {"model": "quiz.choice", "pk": 44, "fields": {"question": 12, "text": "Король Артур", "is_correct": false}}, {"model": "quiz.choice", "pk": 45, "fields": {"question": 12, "text": "Граф Д' Артаньян", "is_correct": true}}, {"model": "quiz.choice", "pk": 46, "fields": {"question": 12, "text": "Шерлок Холмс", "is_correct": false}}, {"model": "quiz.choice", "pk": 47, "fields": {"question": 16, "text": "Морская водоросль", "is_correct": true}}, {"model": "quiz.choice", "pk": 48, "fields": {"question": 16, "text": "Млекопитающее", "is_correct": false}}, {"model": "quiz.choice", "pk": 49, "fields": {"question": 16, "text": "Вирус", "is_correct": false}}, {"model": "quiz.choice", "pk": 50, "fields": {"question": 16, "text": "Микроорганзим", "is_correct": false}}, {"model": "quiz.choice", "pk": 51, "fields": {"question": 15, "text": "Назион", "is_correct": false}}, {"model": "quiz.choice", "pk": 52, "fields": {"question": 15, "text": "Глабелла", "is_correct": true}}, {"model": "quiz.choice", "pk": 53, "fields": {"question": 15, "text": "Лоб", "is_correct": false}}, {"model": "quiz.choice", "pk": 54, "fields": {"question": 15, "text": "Нос", "is_correct": false}}, {"model": "quiz.choice", "pk": 55, "fields": {"question": 14, "text": "25", "is_correct": false}}, {"model": "quiz.choice", "pk": 56, "fields": {"question": 14, "text": "100", "is_correct": false}}, {"model": "quiz.choice", "pk": 57, "fields": {"question": 14, "text": "45", "is_correct": false}}, {"model": "quiz.choice", "pk": 58, "fields": {"question": 14, "text": "50", "is_correct": false}}, {"model": "quiz.choice", "pk": 59, "fields": {"question": 14, "text": "40", "is_correct": true}}, {"model": "quiz.choice", "pk": 60, "fields": {"question": 13, "text": "Земля", "is_correct": false}}, {"model": "quiz.choice", "pk": 61, "fields": {"question": 13, "text": "Юпитер", "is_correct": false}}, {"model": "quiz.choice", "pk": 62, "fields": {"question": 13, "text": "Меркурий", "is_correct": true}}, {"model": "quiz.choice", "pk": 63, "fields": {"question": 13, "text": "Марс", "is_correct": false}}, {"model": "quiz.choice", "pk": 64, "fields": {"question": 22, "text": "Мадагаскар", "is_correct": false}}, {"model": "quiz.choice", "pk": 65, "fields": {"question": 22, "text": "Австралия", "is_correct": false}}, {"model": "quiz.choice", "pk": 66, "fields": {"question": 22, "text": "Гренландия", "is_correct": true}}, {"model": "quiz.choice", "pk": 67, "fields": {"question": 22, "text": "Калимантан", "is_correct": false}}, {"model": "quiz.choice", "pk": 68, "fields": {"question": 21, "text": "Амазонка", "is_correct": true}}, {"model": "quiz.choice", "pk": 69, "fields": {"question": 21, "text": "Нил", "is_correct": false}}, {"model": "quiz.choice", "pk": 70, "fields": {"question": 21, "text": "Ганг", "is_correct": false}}, {"model": "quiz.choice", "pk": 71, "fields": {"question": 21, "text": "Волга", "is_correct": false}}, {"model": "quiz.choice", "pk": 72, "fields": {"question": 20, "text": "52", "is_correct": false}}, {"model": "quiz.choice", "pk": 73, "fields": {"question": 20, "text": "51", "is_correct": false}}, {"model": "quiz.choice", "pk": 74, "fields": {"question": 20, "text": "50", "is_correct": true}}, {"model": "quiz.choice", "pk": 75, "fields": {"question": 20, "text": "49", "is_correct": false}}, {"model": "quiz.choice", "pk": 76, "fields": {"question": 19, "text": "100 метров", "is_correct": false}}, {"model": "quiz.choice", "pk": 77, "fields": {"question": 19, "text": "150 метров", "is_correct": false}}, {"model": "quiz.choice", "pk": 78, "fields": {"question": 19, "text": "200 метров", "is_correct": false}}, {"model": "quiz.choice", "pk": 79, "fields": {"question": 19, "text": "250 метров", "is_correct": true}}, {"model": "quiz.choice", "pk": 80, "fields": {"question": 18, "text": "30°", "is_correct": false}}, {"model": "quiz.choice", "pk": 81, "fields": {"question": 18, "text": "60°", "is_correct": false}}, {"model": "quiz.choice", "pk": 82, "fields": {"question": 18, "text": "90°", "is_correct": false}}, {"model": "quiz.choice", "pk": 83, "fields": {"question": 18, "text": "0°", "is_correct": true}}, {"model": "quiz.choice", "pk": 84, "fields": {"question": 17, "text": "Джибути", "is_correct": true}}, {"model": "quiz.choice", "pk": 85, "fields": {"question": 17, "text": "Никарагуа", "is_correct": false}}, {"model": "quiz.choice", "pk": 86, "fields": {"question": 17, "text": "Парагвай", "is_correct": false}}, {"model": "quiz.choice", "pk": 87, "fields": {"question": 17, "text": "Гвинея-Бисау", "is_correct": false}}]